[
    {
        "eventId": "EVNT00047261",
        "month": "DEC",
        "baseLocation": "Singapore",
        "councilName": "Outreach Singapore",
        "beneficiaryName": "KWONG WAI SHIU HOSPITAL",
        "eventName": "Bags of Joy Distribution",
        "businessUnit": "Banking & Financial Services",
        "status": "Approved",
        "totalVolunteers": 21,
        "totalHours": 88
    },
    {
        "eventId": "EVNT00046103",
        "month": "DEC",
        "baseLocation": "Chennai",
        "councilName": "Chennai BFS Outreach",
        "beneficiaryName": "Kamarajar Illam,Tambaram",
        "eventName": "Be a Teacher @ Kamarajar Illam",
        "businessUnit": "Intelligent Automation & Tech",
        "status": "Approved",
        "totalVolunteers": 14,
        "totalHours": 28
    },
    {
        "eventId": "EVNT00046385",
        "month": "DEC",
        "baseLocation": "United Kingdom",
        "councilName": "Outreach UK",
        "beneficiaryName": "St. Edward’s CE Voluntary Aided Primary School",
        "eventName": "Christmas fair to save a school swimming pool",
        "businessUnit": "Quality Engineering &Assurance",
        "status": "Approved",
        "totalVolunteers": 4,
        "totalHours": 24
    },
    {
        "eventId": "EVNT00046530",
        "month": "DEC",
        "baseLocation": "Pune",
        "councilName": "Pune QEA LBG Outreach",
        "beneficiaryName": "Gurukulam",
        "eventName": "Improve in Co-ordination",
        "businessUnit": "Quality Engineering &Assurance",
        "status": "Approved",
        "totalVolunteers": 18,
        "totalHours": 65
    }
]
