[
    {
        "eventId": "EVNT00047261",
        "beneficiaryName": "KWONG WAI SHIU HOSPITAL",
        "baseLocation": "Singapore",
        "councilName": "Outreach Singapore",
        "projectName": "Donation or Distribution",
        "businessUnit": "Banking Services"
    },
    {
        "eventId": "EVNT00046103",
        "beneficiaryName": "Kamarajar Illam,Tambaram",
        "baseLocation": "Chennai",
        "councilName": "Chennai BFS Outreach",
        "projectName": "Chennai BFS Outreach",
        "businessUnit": "BFS"
    },
    {
        "eventId": "EVNT00046385",
        "beneficiaryName": "St. Edward’s CE Voluntary Primary School",
        "baseLocation": "United Kingdom",
        "councilName": "Outreach UK",
        "projectName": "Community Program",
        "businessUnit": "Quality Engineering and Assurance"
    },
    {
        "eventId": "EVNT00046530",
        "beneficiaryName": "Gurukulam",
        "baseLocation": "Pune",
        "councilName": "Pune QEA LBG Outreach",
        "projectName": "Be a Teacher",
        "businessUnit": "Quality Engineering and Assurance"
    },
    {
        "eventId": "EVNT00046611",
        "beneficiaryName": "Panchayat Union School, Keeranatham",
        "baseLocation": "Coimbatore",
        "councilName": "Coimbatore Outreach",
        "projectName": "Be a Teacher",
        "businessUnit": "AVM"
    }
]